{"_id":{"$oid":"60331f421f1d093ab5424475"},"videoLink":"youtube.com/embed/uQxg2zv_Orc","title":"3,000,000 - Q&A","genre":"Movies","contentRating":"16+","releaseDate":"09 Mar 2019","previewImage":"https://i.ytimg.com/vi/uQxg2zv_Orc/mqdefault.jpg","votes":{"upVotes":"0","downVotes":"0"},"viewCount":"2"}
{"_id":{"$oid":"60331f421f1d093ab5424476"},"videoLink":"youtube.com/embed/RQdxHi4_Pvc","title":"The Universal S","genre":"Comedy","contentRating":"12+","releaseDate":"10 Aug 2019","previewImage":"https://i.ytimg.com/vi/RQdxHi4_Pvc/mqdefault.jpg","votes":{"upVotes":"0","downVotes":"0"},"viewCount":"5"}
{"_id":{"$oid":"60331f421f1d093ab5424477"},"videoLink":"youtube.com/embed/7tgdvkRY1L8","title":"Top 10 Facts - Space [Part 8]","genre":"Comedy","contentRating":"18+","releaseDate":"17 Jun 2017","previewImage":"https://i.ytimg.com/vi/7tgdvkRY1L8/mqdefault.jpg","votes":{"upVotes":"0","downVotes":"0"},"viewCount":"0"}
{"_id":{"$oid":"60331f421f1d093ab5424478"},"videoLink":"youtube.com/embed/sf9tBmMfFcw","title":"Top 10 Facts - Reddit","genre":"Sports","contentRating":"18+","releaseDate":"03 Feb 2018","previewImage":"https://i.ytimg.com/vi/sf9tBmMfFcw/mqdefault.jpg","votes":{"upVotes":"0","downVotes":"0"},"viewCount":"10"}
{"_id":{"$oid":"60331f421f1d093ab5424479"},"videoLink":"youtube.com/embed/fM8UapzfZkU","title":"Top 10 Facts - 2017","genre":"Lifestyle","contentRating":"18+","releaseDate":"31 Dec 2017","previewImage":"https://i.ytimg.com/vi/fM8UapzfZkU/mqdefault.jpg","votes":{"upVotes":"0","downVotes":"0"},"viewCount":"9"}
{"_id":{"$oid":"60331f421f1d093ab542447a"},"videoLink":"youtube.com/embed/fqnKlD3PUzg","title":"Top 10 Facts - Space [Part 7]","genre":"Education","contentRating":"16+","releaseDate":"05 Oct 2016","previewImage":"https://i.ytimg.com/vi/fqnKlD3PUzg/mqdefault.jpg","votes":{"upVotes":"0","downVotes":"0"},"viewCount":"100"}
{"_id":{"$oid":"60331f421f1d093ab542447b"},"videoLink":"youtube.com/embed/vB7Xv6gG5_0","title":"The Mandela Effect: A Critical Analysis","genre":"Movies","contentRating":"16+","releaseDate":"10 Aug 2017","previewImage":"https://i.ytimg.com/vi/vB7Xv6gG5_0/mqdefault.jpg","votes":{"upVotes":"0","downVotes":"0"},"viewCount":"7"}
{"_id":{"$oid":"60331f421f1d093ab542447c"},"videoLink":"youtube.com/embed/AgMcqNnqatw","title":"The Legend of the Bermuda Triangle","genre":"Comedy","contentRating":"16+","releaseDate":"18 Jul 2017","previewImage":"https://i.ytimg.com/vi/AgMcqNnqatw/mqdefault.jpg","votes":{"upVotes":"0","downVotes":"0"},"viewCount":"20"}
{"_id":{"$oid":"60331f421f1d093ab542447d"},"videoLink":"youtube.com/embed/QiFTTQyKc3w","title":"Top 10 Facts - Counter-Strike","genre":"Comedy","contentRating":"7+","releaseDate":"29 Apr 2015","previewImage":"https://i.ytimg.com/vi/QiFTTQyKc3w/mqdefault.jpg","votes":{"upVotes":"0","downVotes":"0"},"viewCount":"39"}
{"_id":{"$oid":"60331f421f1d093ab542447e"},"videoLink":"youtube.com/embed/QGTbGoLEom8","title":"Top 10 Facts - Half-Life","genre":"Lifestyle","contentRating":"Anyone","releaseDate":"30 Mar 2015","previewImage":"https://i.ytimg.com/vi/QGTbGoLEom8/mqdefault.jpg","votes":{"upVotes":"0","downVotes":"0"},"viewCount":"21"}
{"_id":{"$oid":"60331f421f1d093ab542447f"},"videoLink":"youtube.com/embed/OEuH1w5TLKc","title":"Top 10 Facts - Space [Part 4]","genre":"Sports","contentRating":"16+","releaseDate":"12 Jan 2015","previewImage":"https://i.ytimg.com/vi/OEuH1w5TLKc/mqdefault.jpg","votes":{"upVotes":"0","downVotes":"0"},"viewCount":"29"}
{"_id":{"$oid":"60331f421f1d093ab5424480"},"videoLink":"youtube.com/embed/kd2KEHvK-q8","title":"The Vanishing of Flight 370","genre":"Movies","contentRating":"12+","releaseDate":"14 Apr 2019","previewImage":"https://i.ytimg.com/vi/kd2KEHvK-q8/mqdefault.jpg","votes":{"upVotes":"0","downVotes":"0"},"viewCount":"20"}
{"_id":{"$oid":"60331f421f1d093ab5424481"},"videoLink":"youtube.com/embed/rsJH5fxDCA0","title":"Top 10 Facts - Money","genre":"Lifestyle","contentRating":"7+","releaseDate":"05 Feb 2017","previewImage":"https://i.ytimg.com/vi/rsJH5fxDCA0/mqdefault.jpg","votes":{"upVotes":"0","downVotes":"0"},"viewCount":"50"}
{"_id":{"$oid":"60331f421f1d093ab5424482"},"videoLink":"youtube.com/embed/hN3CyODxl-c","title":"Top 10 Facts - Space [Part 5]","genre":"Sports","contentRating":"16+","releaseDate":"23 Sep 2015","previewImage":"https://i.ytimg.com/vi/hN3CyODxl-c/mqdefault.jpg","votes":{"upVotes":"0","downVotes":"0"},"viewCount":"29"}
{"_id":{"$oid":"60331f421f1d093ab5424483"},"videoLink":"youtube.com/embed/EL5hcdXu8dc","title":"Top 10 Facts - Music","genre":"Comedy","contentRating":"12+","releaseDate":"17 Mar 2018","previewImage":"https://i.ytimg.com/vi/EL5hcdXu8dc/mqdefault.jpg","votes":{"upVotes":"0","downVotes":"0"},"viewCount":"39"}
{"_id":{"$oid":"60331f421f1d093ab5424484"},"videoLink":"youtube.com/embed/6oY8HIWBS-Y","title":"The Battle of Los Angeles","genre":"Lifestyle","contentRating":"12+","releaseDate":"25 Aug 2018","previewImage":"https://i.ytimg.com/vi/6oY8HIWBS-Y/mqdefault.jpg","votes":{"upVotes":"0","downVotes":"0"},"viewCount":"93"}
{"_id":{"$oid":"60331f421f1d093ab5424485"},"videoLink":"youtube.com/embed/IVDJF7pH-z8","title":"Top 10 Facts - The Legend of Zelda","genre":"Sports","contentRating":"12+","releaseDate":"08 Feb 2015","previewImage":"https://i.ytimg.com/vi/IVDJF7pH-z8/mqdefault.jpg","votes":{"upVotes":"0","downVotes":"0"},"viewCount":"29"}
{"_id":{"$oid":"60331f421f1d093ab5424486"},"videoLink":"youtube.com/embed/j2umt3WZU8Q","title":"Top 10 Facts - Fallout","genre":"Comedy","contentRating":"18+","releaseDate":"11 Jun 2015","previewImage":"https://i.ytimg.com/vi/j2umt3WZU8Q/mqdefault.jpg","votes":{"upVotes":"0","downVotes":"0"},"viewCount":"93"}
{"_id":{"$oid":"60331f421f1d093ab5424487"},"videoLink":"youtube.com/embed/M-VQlqE9M1M","title":"Top 10 Facts - Undertale","genre":"Comedy","contentRating":"16+","releaseDate":"11 Dec 2015","previewImage":"https://i.ytimg.com/vi/M-VQlqE9M1M/mqdefault.jpg","votes":{"upVotes":"0","downVotes":"0"},"viewCount":"20"}
{"_id":{"$oid":"60331f421f1d093ab5424488"},"videoLink":"youtube.com/embed/ryg077wBvsM","title":"The Great Silence","genre":"Comedy","contentRating":"18+","releaseDate":"30 Nov 2018","previewImage":"https://i.ytimg.com/vi/ryg077wBvsM/mqdefault.jpg","votes":{"upVotes":"0","downVotes":"0"},"viewCount":"19"}
{"_id":{"$oid":"60331f421f1d093ab5424489"},"videoLink":"youtube.com/embed/nx2-4l4s4Nw","title":"Consumed by the Apocalypse","genre":"Movies","contentRating":"12+","releaseDate":"18 Jan 2021","previewImage":"https://i.ytimg.com/vi/nx2-4l4s4Nw/mqdefault.jpg","votes":{"upVotes":"0","downVotes":"0"},"viewCount":"83"}
{"_id":{"$oid":"60331f421f1d093ab542448a"},"videoLink":"youtube.com/embed/oQiZDjG1SLs","title":"Top 10 Facts - The Elder Scrolls","genre":"Sports","contentRating":"18+","releaseDate":"20 Jul 2015","previewImage":"https://i.ytimg.com/vi/oQiZDjG1SLs/mqdefault.jpg","votes":{"upVotes":"0","downVotes":"0"},"viewCount":"10"}
{"_id":{"$oid":"60331f421f1d093ab542448b"},"videoLink":"youtube.com/embed/KhwHR9pkoao","title":"Top 10 Facts - Death","genre":"Movies","contentRating":"18+","releaseDate":"14 Sep 2017","previewImage":"https://i.ytimg.com/vi/KhwHR9pkoao/mqdefault.jpg","votes":{"upVotes":"0","downVotes":"0"},"viewCount":"10"}
{"_id":{"$oid":"60331f421f1d093ab542448c"},"videoLink":"youtube.com/embed/W62aVty77Lw","title":"Top 10 Facts - Space [Part 1]","genre":"Comedy","contentRating":"18+","releaseDate":"11 Jan 2014","previewImage":"https://i.ytimg.com/vi/W62aVty77Lw/mqdefault.jpg","votes":{"upVotes":"0","downVotes":"0"},"viewCount":"91"}
{"_id":{"$oid":"60331f421f1d093ab542448d"},"videoLink":"youtube.com/embed/vDq3DwxCdKo","title":"Top 10 Facts - Space [Part 6]","genre":"Movies","contentRating":"16+","releaseDate":"17 Mar 2016","previewImage":"https://i.ytimg.com/vi/vDq3DwxCdKo/mqdefault.jpg","votes":{"upVotes":"0","downVotes":"0"},"viewCount":"82"}
{"_id":{"$oid":"60331f421f1d093ab542448e"},"videoLink":"youtube.com/embed/Z1iOusznthU","title":"Top 10 Facts - 2016","genre":"Education","contentRating":"16+","releaseDate":"31 Dec 2016","previewImage":"https://i.ytimg.com/vi/Z1iOusznthU/mqdefault.jpg","votes":{"upVotes":"0","downVotes":"0"},"viewCount":"10"}
{"_id":{"$oid":"60331f421f1d093ab542448f"},"videoLink":"youtube.com/embed/I5CBrjpnSNo","title":"Top 10 Facts - Space [Part 3]","genre":"Movies","contentRating":"16+","releaseDate":"22 Jun 2014","previewImage":"https://i.ytimg.com/vi/I5CBrjpnSNo/mqdefault.jpg","votes":{"upVotes":"0","downVotes":"0"},"viewCount":"72"}
{"_id":{"$oid":"60331f421f1d093ab5424490"},"videoLink":"youtube.com/embed/CbUjuwhQPKs","title":"The Search For D. B. Cooper","genre":"Movies","contentRating":"18+","releaseDate":"27 Apr 2020","previewImage":"https://i.ytimg.com/vi/CbUjuwhQPKs/mqdefault.jpg","votes":{"upVotes":"0","downVotes":"0"},"viewCount":"81"}
{"_id":{"$oid":"60331f421f1d093ab5424491"},"videoLink":"youtube.com/embed/gPgO6vx1UiU","title":"Top 10 Facts - Dark Souls","genre":"Sports","contentRating":"Anyone","releaseDate":"07 May 2016","previewImage":"https://i.ytimg.com/vi/gPgO6vx1UiU/mqdefault.jpg","votes":{"upVotes":"0","downVotes":"0"},"viewCount":"71"}
{"_id":{"$oid":"60331f421f1d093ab5424492"},"videoLink":"youtube.com/embed/jia9UAUsLug","title":"Top 10 Facts - The Witcher","genre":"Education","contentRating":"7+","releaseDate":"22 Nov 2015","previewImage":"https://i.ytimg.com/vi/jia9UAUsLug/mqdefault.jpg","votes":{"upVotes":"0","downVotes":"0"},"viewCount":"99"}